
3334TAV 3334TAV.DLG
AMBAR01 AMBAR01.DLG
BERNARD BERNARD.DLG
BERNARD2 BERNARD.DLG
BHABRAHA BHABRAHA.DLG
BHFALCO BHFALCO.DLG
BHGLAMI BHGLAMI.DLG
BHZELMAR BHZELMAR.DLG
BINNKEEP BINNKEEP.DLG
CBSBIN62 CBSBIN62.DLG
CBSBIN64 CBSBIN64.DLG
CBSBIN67 CBSBIN67.DLG
CBSBIN71 CBSBIN71.DLG
CBSBIN72 CBSBIN72.DLG
CROBAR01 CROBAR01.DLG
DDPOTEN1 DDPOTEN1.DLG
EASTBAR EASTBAR.DLG
EHINN DQUIMBY.DLG
FFBART FFBART.DLG
FRIEND BENTLY.DLG
HAMMINN HAMMHAND.DLG
INN0103 BART7.DLG
INN0105 INNKE3.DLG
INN0116 BART9.DLG
INN0119 NANTRI.DLG
INN2616 CBSBIN75.DLG
INN2616 INNKE2.DLG
INN2616 WINTHR2.DLG
INN3304 BART4.DLG
INN3307 BART13.DLG
INN3351 BART5.DLG
INN3357 BART3.DLG
INN4801 INNKN2.DLG
INNABIG NTABIGAI.DLG
KUINN1 DALDWIN.DLG
KUINN2 DALDWIN.DLG
KUINN3 DALDWIN.DLG
PPINN01 PPINN01.DLG
ROEND ROEND.DLG
SARBAR01 SARBAR02.DLG
SEVBAR01 SEVBAR01.DLG
TAV0114 BORK.DLG
TAV0154 BART15.DLG
TAV0721 ALYTH.DLG
TAV0721 BART11.DLG
TAV0721 BART12.DLG
TAV1215 BART16.DLG
TEM4801 NTHALFG.DLG
TEM4801 NTHALFGU.DLG
THUMB THUMB.DLG
TRINNK01 TRINNK01.DLG
TRMER01 TRMER01.DLG
UDDROW22 UDDROW22.DLG
UDSVIR04 UDSVIR04.DLG
UHINN01 UHINN01.DLG
ULGOTH BART14.DLG
VIINNKEE VIINNKEE.DLG
WECHAD BURRICH.DLG
WINNKEEP WINNKEEP.DLG
